{"cameraMode":{"drawMode":0,"name":"Shaded","section":"Shading Mode"},"sceneLighting":false,"audioPlay":false,"sceneViewState":{"showFog":true,"showMaterialUpdate":false,"showSkybox":true,"showFlares":true,"showImageEffects":true,"showParticleSystems":true},"in2DMode":false,"pivot":{"x":2.7270467281341554,"y":0.8300000429153442,"z":3.643582820892334},"rotation":{"x":-0.45136457681655886,"y":0.006700547877699137,"z":-0.003381855320185423,"w":-0.8923080563545227},"size":4.657884120941162,"orthographic":false}