{"cameraMode":{"drawMode":0,"name":"Shaded","section":"Shading Mode"},"sceneLighting":false,"audioPlay":false,"sceneViewState":{"showFog":true,"showMaterialUpdate":false,"showSkybox":true,"showFlares":true,"showImageEffects":true,"showParticleSystems":true},"in2DMode":false,"pivot":{"x":15.597577095031739,"y":2.118626117706299,"z":24.794404983520509},"rotation":{"x":-0.45136457681655886,"y":0.006700547877699137,"z":-0.003381855320185423,"w":-0.8923080563545227},"size":124.29988861083985,"orthographic":false}