{"cameraMode":{"drawMode":0,"name":"Shaded","section":"Shading Mode"},"sceneLighting":true,"audioPlay":false,"sceneViewState":{"showFog":true,"showMaterialUpdate":false,"showSkybox":true,"showFlares":true,"showImageEffects":true,"showParticleSystems":true},"in2DMode":false,"pivot":{"x":-1.2509558200836182,"y":2.201465606689453,"z":-5.7543559074401859},"rotation":{"x":-0.5485351085662842,"y":0.020561711862683297,"z":-0.01349494606256485,"w":-0.8357657790184021},"size":11.991788864135743,"orthographic":false}